,Tanggal Pendeteksian : ,
0,Mon Jun 24 13:14:43 2024,"HH12DE1433
"
,Tanggal Pendeteksian: ,
0,Mon Jun 24 13:15:29 2024,"®

MH12DE1433

"
,Tanggal Pendeteksian: ,
0,Mon Jun 24 13:16:57 2024,
,Tanggal Pendeteksian: ,
0,Mon Jun 24 13:17:13 2024,"G 1234 AD
LE

"
,Tanggal Pendeteksian: ,
0,Mon Jun 24 13:17:26 2024,
,Tanggal Pendeteksian: ,
0,Mon Jun 24 13:17:48 2024,"B 2020 TSI
"
,Tanggal Pendeteksian: ,
0,Mon Jun 24 13:22:05 2024,"®

MH12DE1433

"
,Tanggal Pendeteksian: ,
0,Mon Jun 24 13:23:06 2024,"®

MH12DE1433

"
,Tanggal Pendeteksian: ,
0,Mon Jun 24 13:27:03 2024,"®

MH12DE1433

"
,Tanggal Pendeteksian : ,
0,Mon Jun 24 13:29:08 2024,"HH12DE1433
"
,Tanggal Pendeteksian: ,
0,Mon Jun 24 13:42:18 2024,"®

MH12DE1433

"
,Tanggal Pendeteksian : ,
0,Mon Jun 24 13:44:22 2024,"HH12DE1433
"
,Tanggal Pendeteksian: ,
0,Mon Jun 24 13:49:58 2024,
,Tanggal Pendeteksian: ,
0,Mon Jun 24 13:50:27 2024,"®

MH12DE1433

"
,Tanggal Pendeteksian: ,
0,Mon Jun 24 13:50:55 2024,
,Tanggal Pendeteksian: ,
0,Mon Jun 24 13:51:15 2024,"G 1234 AD
LE

"
,Tanggal Pendeteksian: ,
0,Mon Jun 24 13:51:36 2024,
,Tanggal Pendeteksian: ,
0,Mon Jun 24 13:51:42 2024,"B 2020 TSI
"
,Tanggal Pendeteksian: ,
0,Mon Jun 24 13:52:22 2024,"B 2020 TSI
"
,Tanggal Pendeteksian: ,
0,Mon Jun 24 13:53:28 2024,"®

MH12DE1433

"
,Tanggal Pendeteksian: ,
0,Mon Jun 24 13:59:04 2024,"®

MH12DE1433

"
,Tanggal Pendeteksian: ,
0,Mon Jun 24 14:07:19 2024,
,Tanggal Pendeteksian: ,
0,Mon Jun 24 14:07:32 2024,
,Tanggal Pendeteksian: ,
0,Mon Jun 24 14:07:40 2024,
,Tanggal Pendeteksian: ,
0,Mon Jun 24 14:07:50 2024,
,Tanggal Pendeteksian: ,
0,Mon Jun 24 14:07:52 2024,
,Tanggal Pendeteksian: ,
0,Mon Jun 24 14:08:02 2024,
,Tanggal Pendeteksian: ,
0,Mon Jun 24 14:13:46 2024,
,Tanggal Pendeteksian: ,
0,Mon Jun 24 14:13:54 2024,
,Tanggal Pendeteksian: ,
0,Mon Jun 24 14:14:06 2024,
,Tanggal Pendeteksian: ,
0,Mon Jun 24 14:14:17 2024,
,Tanggal Pendeteksian: ,
0,Mon Jun 24 14:14:25 2024,
,Tanggal Pendeteksian: ,
0,Mon Jun 24 14:14:32 2024,
,Tanggal Pendeteksian: ,
0,Mon Jun 24 14:14:41 2024,
,Tanggal Pendeteksian: ,
0,Mon Jun 24 14:14:47 2024,"ran
"
,Tanggal Pendeteksian: ,
0,Mon Jun 24 14:23:35 2024,
,Tanggal Pendeteksian: ,
0,Mon Jun 24 14:23:48 2024,
,Tanggal Pendeteksian: ,
0,Mon Jun 24 14:24:01 2024,"MASS

64
"
,Tanggal Pendeteksian: ,
0,Mon Jun 24 14:24:11 2024,
,Tanggal Pendeteksian: ,
0,Mon Jun 24 14:24:25 2024,
,Tanggal Pendeteksian: ,
0,Mon Jun 24 14:24:32 2024,
,Tanggal Pendeteksian: ,
0,Mon Jun 24 14:24:40 2024,
,Tanggal Pendeteksian: ,
0,Mon Jun 24 14:24:47 2024,
,Tanggal Pendeteksian: ,
0,Mon Jun 24 14:37:07 2024,
,Tanggal Pendeteksian: ,
0,Mon Jun 24 14:37:14 2024,
,Tanggal Pendeteksian: ,
0,Mon Jun 24 14:37:19 2024,
,Tanggal Pendeteksian: ,
0,Mon Jun 24 14:37:26 2024,
,Tanggal Pendeteksian: ,
0,Mon Jun 24 14:37:34 2024,
,Tanggal Pendeteksian: ,
0,Mon Jun 24 14:37:56 2024,"®

MH12DE1433

"
,Tanggal Pendeteksian: ,
0,Mon Jun 24 14:43:36 2024,
,Tanggal Pendeteksian: ,
0,Mon Jun 24 14:44:09 2024,
,Tanggal Pendeteksian: ,
0,Mon Jun 24 14:45:21 2024,
,Tanggal Pendeteksian: ,
0,Mon Jun 24 14:48:14 2024,
,Tanggal Pendeteksian: ,
0,Mon Jun 24 14:53:46 2024,
,Tanggal Pendeteksian: ,
0,Mon Jun 24 14:54:43 2024,"AB38 YRQ
"
,Tanggal Pendeteksian: ,
0,Mon Jun 24 14:57:12 2024,"ADI2 DJQ
"
,Tanggal Pendeteksian: ,
0,Mon Jun 24 14:57:21 2024,"AA78 XAY
"
,Tanggal Pendeteksian: ,
0,Mon Jun 24 14:57:36 2024,"AA73 AKA

"
,Tanggal Pendeteksian: ,
0,Mon Jun 24 14:58:16 2024,
,Tanggal Pendeteksian: ,
0,Mon Jun 24 14:59:54 2024,
,Tanggal Pendeteksian: ,
0,Mon Jun 24 15:00:06 2024,
,Tanggal Pendeteksian: ,
0,Mon Jun 24 15:00:17 2024,
,Tanggal Pendeteksian: ,
0,Mon Jun 24 15:00:22 2024,
,Tanggal Pendeteksian: ,
0,Mon Jun 24 15:00:29 2024,"ADI2 DJQ
"
,Tanggal Pendeteksian: ,
0,Tue Jun 25 08:25:12 2024,"®

MH12DE1433

"
,Tanggal Pendeteksian: ,
0,Tue Jun 25 09:43:45 2024,"®

MH12DE1433

"
,Tanggal Pendeteksian: ,
0,Tue Jun 25 09:44:36 2024,
,Tanggal Pendeteksian: ,
0,Tue Jun 25 09:44:49 2024,"B 2020 TSI
"
,Tanggal Pendeteksian: ,
0,Tue Jun 25 09:45:50 2024,
,Tanggal Pendeteksian: ,
0,Tue Jun 25 09:46:12 2024,"ADI6 LUD
"
,Tanggal Pendeteksian: ,
0,Tue Jun 25 09:48:50 2024,
,Tanggal Pendeteksian: ,
0,Tue Jun 25 09:49:11 2024,
,Tanggal Pendeteksian: ,
0,Tue Jun 25 09:49:13 2024,
,Tanggal Pendeteksian: ,
0,Tue Jun 25 09:49:26 2024,
,Tanggal Pendeteksian: ,
0,Tue Jun 25 09:49:34 2024,"G 1234 AD
LE

"
,Tanggal Pendeteksian: ,
0,Tue Jun 25 09:49:35 2024,
,Tanggal Pendeteksian: ,
0,Tue Jun 25 09:49:37 2024,
,Tanggal Pendeteksian: ,
0,Tue Jun 25 09:49:38 2024,
